{
    "accuracy": 0.8047619047619048,
    "precision": 0.8045618456368963,
    "recall": 0.800462462637887,
    "f1_score": 0.7977736200205907
}